INSERT INTO `user`
(`user_id`, `uid`, `upw`, `nm`, `pic`, `created_at`, `updated_at`)
VALUES
   (1, '사용자1', '$2a$10$eyvV1hr2gsh9uS7aVnI5AuqPkQaObVXXXS4cKXi5/55ffl/gMOHL6', '사용자1',
        'f75a99cf-8bb1-445f-bd2a-c81eec40b9d2.PNG', '2024-05-03 10:43:52', NULL),
   (2, '사용자2', '$2a$10$eyvV1hr2gsh9uS7aVnI5AuqPkQaObVXXXS4cKXi5/55ffl/gMOHL6', '사용자2',
        'f75a99cf-8bb1-445f-bd2a-c81eec40b9d2.PNG', '2024-05-03 10:43:52', NULL),
   (3, '사용자3', '$2a$10$SROySBxouzsRikg0XOIj/O6iM.Yx3j7lINBRA9S0JVjfEDYKNkP2.', '사용자3',
        '45332962-5fd9-453d-ba95-5ee19d48b814.PNG', '2024-05-03 10:48:55', NULL),
   (4, '사용자4', '$2a$10$WQzVJg2YMhynmfHUm4bP1.unEBiyMHyrrCMtp4Cg2i85GpS8/ecCG', '사용자4',
        '9c5dc266-eb84-47b0-9dc2-91a1688e6615.PNG', '2024-05-03 10:51:34', NULL),
   (5, '사용자5', '$2a$10$pSsG1T0LaqSh2o/0iAgDbOmopVPqabSUXJMjkdFzHDlCpnFEidBEa', '사용자5',
        NULL, '2024-05-03 11:15:55', NULL);

INSERT INTO `user_follow`
(`from_user_id`, `to_user_id`, `created_at`)
VALUES
   (1, 2, '2024-05-20 13:04:15'),
   (1, 3, '2024-05-20 13:04:21'),
   (1, 4, '2024-05-20 13:04:07'),
   (1, 5, '2024-05-20 13:03:42'),
   (2, 1, '2024-05-20 13:04:32'),
   (2, 3, '2024-05-20 13:04:37'),
   (2, 4, '2024-05-20 14:52:36'),
   (2, 5, '2024-05-20 16:21:09'),
   (3, 1, '2024-05-20 13:03:31'),
   (3, 2, '2024-05-21 11:05:47'),
   (3, 4, '2024-05-20 13:03:31'),
   (3, 5, '2024-05-20 13:03:31');

INSERT INTO `feed`
(`feed_id`, `writer_id`, `contents`, `location`, `created_at`, `updated_at`)
VALUES
   (1, 2,  '내용1',  '장소1', '2024-05-07 12:07:56', NULL),
   (2, 2,  '내용2',  '장소2', '2024-05-07 12:07:56', NULL),
   (3, 2,  '내용3',  '장소3', '2024-05-07 12:07:56', NULL),
   (4, 2,  '내용4',  '장소4', '2024-05-07 12:07:56', NULL),
   (5, 1,  '내용5',  '장소5', '2024-05-07 14:26:44', NULL),
   (6, 3,  '내용6',  '장소6', '2024-05-07 14:26:54', NULL),
   (7, 4,  '내용7',  '장소7', '2024-05-07 14:26:54', NULL),
   (8, 5,  '내용8',  '장소8', '2024-05-07 14:26:55', NULL),
   (9, 2,  '내용9',  '장소9', '2024-05-07 14:26:55', NULL),
   (10, 2, '내용10', '장소10', '2024-05-07 14:26:56', NULL),
   (11, 3, '내용11', '장소11', '2024-05-07 14:26:56', NULL),
   (12, 5, '내용12', '장소12', '2024-05-07 14:26:57', NULL),
   (13, 5, '내용13', '장소13', '2024-05-07 14:26:57', NULL),
   (14, 4, '내용14', '장소14', '2024-05-07 14:26:59', NULL),
   (15, 3, '내용15', '장소15', '2024-05-07 14:27:00', NULL),
   (16, 2, '내용16', '장소16', '2024-05-07 15:05:01', NULL),
   (17, 1, '내용17', '장소17', '2024-05-07 15:05:38', NULL),
   (18, 2, '내용18', '장소18', '2024-05-07 15:56:35', NULL),
   (19, 3, '내용19', '장소19', '2024-05-07 16:17:08', NULL),
   (20, 3, '내용20', '장소20', '2024-05-07 16:17:41', NULL);

INSERT INTO `feed_comment`
(`feed_comment_id`, `feed_id`, `user_id`, `comment`, `created_at`, `updated_at`)
VALUES
   (1,  11, 1, '댓글1',  '2024-05-09 13:18:25', NULL),
   (2,  12, 2, '댓글2',  '2024-05-09 15:45:30', NULL),
   (3,  13, 3, '댓글3',  '2024-05-09 15:45:35', NULL),
   (4,  14, 4, '댓글4',  '2024-05-09 19:21:47', NULL),
   (5,  15, 5, '댓글5',  '2024-05-10 10:56:07', NULL),
   (6,  16, 1, '댓글6',  '2024-05-10 11:58:35', NULL),
   (7,  17, 2, '댓글7',  '2024-05-10 12:03:22', NULL),
   (8,  18, 3, '댓글8',  '2024-05-16 12:48:52', NULL),
   (9,  19, 4, '댓글9',  '2024-05-16 14:48:40', NULL),
   (10, 20, 5, '댓글10', '2024-05-16 14:48:45', NULL);

INSERT INTO `feed_pics`
(`feed_pic_id`, `feed_id`, `pic`, `created_at`)
VALUES
   (1, 3, '3e6d8149-8a80-44ba-88ad-b5d8fbfe28c2.jpg', '2024-05-07 11:07:51'),
   (2, 3, 'd09a155d-031d-4df2-939a-4cde32888870.jpg', '2024-05-07 11:07:51'),
   (3, 4, '5dd971e0-35f9-4942-89ff-9b7ad2d6e465.jpg', '2024-05-07 11:07:51'),
   (4, 3, '2431b701-cf6a-4a4d-8a7a-928586a13de3.jpg', '2024-05-07 12:07:56'),
   (5, 4, 'ad44eedb-d96c-4b67-8921-3fd64f08ce56.jpg', '2024-05-07 12:07:56'),
   (6, 4, '9d14ec0e-9701-4544-b4f7-033fadefceea.jpg', '2024-05-07 12:07:56'),
   (7, 5, '895a9601-4771-4e80-b397-988bbacc21ea.jpg', '2024-05-07 14:26:44'),
   (8, 5, 'd3797670-58d6-47bd-afa6-cb0fa0585735.jpg', '2024-05-07 14:26:44'),
   (9, 5, '9e6aafcb-6cde-4add-8f32-c667c914d8ba.jpg', '2024-05-07 14:26:44'),
   (10, 6, '38c8504b-c3fd-4009-bf8f-49d72b83bf52.jpg', '2024-05-07 14:26:54'),
   (11, 6, '4397c82c-a865-40bb-9fb9-8c7b7b9484aa.jpg', '2024-05-07 14:26:54'),
   (12, 6, 'ea484635-b5a6-4681-84d6-6434c87fb2da.jpg', '2024-05-07 14:26:54'),
   (13, 7, '1efba4c9-22cf-4ff2-8657-77088a730964.jpg', '2024-05-07 14:26:54'),
   (14, 7, 'd37b8c69-7334-456d-aefb-9d55d3409719.jpg', '2024-05-07 14:26:54'),
   (15, 7, '8b35d000-f266-40de-81bb-cadd2f339728.jpg', '2024-05-07 14:26:54'),
   (16, 8, 'cf7e03c0-307f-40fd-8c49-53456c02840e.jpg', '2024-05-07 14:26:55'),
   (17, 8, '370ea68f-9d0a-4867-8bd3-d6916dde0614.jpg', '2024-05-07 14:26:55'),
   (18, 8, '968c6d3e-3bf9-448a-bdba-4d3c07b85f58.jpg', '2024-05-07 14:26:55'),
   (19, 9, 'f3e0b0a0-af6e-4c38-9287-2f90b7d2dbdd.jpg', '2024-05-07 14:26:55'),
   (20, 9, 'bfcab05d-75a7-41b4-83d1-31db225832df.jpg', '2024-05-07 14:26:55'),
   (21, 9, '52675be5-c260-409c-b5bb-09956bb21886.jpg', '2024-05-07 14:26:55'),
   (22, 10, '9052f944-c6f1-46e3-a632-b67b14c59616.jpg', '2024-05-07 14:26:56'),
   (23, 10, '67ff2124-9732-42f5-bd3d-f670b9e011ec.jpg', '2024-05-07 14:26:56'),
   (24, 10, 'a8d88241-5233-4cf5-9c88-87bfd2d7d48c.jpg', '2024-05-07 14:26:56'),
   (25, 11, '7d6181da-d37e-45f8-a737-cfc53cf30e91.jpg', '2024-05-07 14:26:56'),
   (26, 11, '88995ca2-6811-4c64-b1ab-2ec53d58a395.jpg', '2024-05-07 14:26:56'),
   (27, 11, '6712aa2d-252a-47f4-b73f-033a908e04f5.jpg', '2024-05-07 14:26:56'),
   (28, 12, '4f1079c3-ee42-47fa-8281-31448f703217.jpg', '2024-05-07 14:26:57'),
   (29, 12, 'e65ba7f7-1ded-4d8e-9e40-c00090f337a3.jpg', '2024-05-07 14:26:57'),
   (30, 12, '37171633-7e38-4040-be90-0f05683ed063.jpg', '2024-05-07 14:26:57'),
   (31, 13, '9882496f-3c53-4ddf-94c4-5186c6a2c9fa.jpg', '2024-05-07 14:26:57'),
   (32, 13, '237019a0-c3e1-4a95-8de0-ee3404496d88.jpg', '2024-05-07 14:26:57'),
   (33, 13, '9ff220b7-96ab-431f-a4b6-e40c6f6696b8.jpg', '2024-05-07 14:26:57'),
   (34, 14, '8a653ea6-51f7-4f98-a8de-f80a0478a78c.jpg', '2024-05-07 14:26:59'),
   (35, 14, '5749c568-ecef-4b17-aac6-c9812a1206a4.jpg', '2024-05-07 14:26:59'),
   (36, 14, '3d168335-1dad-4cb6-85fa-c14e2fe4eb65.jpg', '2024-05-07 14:26:59'),
   (37, 15, '40a776ca-1fb2-4cdd-a952-8659055b9f1a.jpg', '2024-05-07 14:27:00'),
   (38, 15, '3d2f41d0-3c57-4ed8-82c5-4e929135c678.jpg', '2024-05-07 14:27:00'),
   (39, 15, 'fc79bab5-07f7-46a9-8737-7b697ac0f664.jpg', '2024-05-07 14:27:00'),
   (40, 16, 'd25edd0e-ee2c-46fc-937c-ca48455d2612.jpg', '2024-05-07 15:05:01'),
   (41, 16, '69f5d18f-3cff-4ad7-8623-d67843a88c7d.jpg', '2024-05-07 15:05:01'),
   (42, 17, 'b2f948dd-4024-47cb-812a-705a6d159cb6.jpg', '2024-05-07 15:05:38');

INSERT INTO `feed_favorite`
(`feed_id`, `user_id`, `created_at`)
VALUES
   (5,  1, '2024-05-16 12:34:44'),
   (6,  2, '2024-05-16 14:48:35'),
   (7,  3, '2024-05-09 11:57:42'),
   (8,  4, '2024-05-09 12:08:35'),
   (9,  5, '2024-05-16 14:48:33'),
   (10, 1, '2024-05-09 11:57:42'),
   (11, 2, '2024-05-16 14:48:31'),
   (12, 3, '2024-05-09 11:57:42'),
   (13, 4, '2024-05-16 14:48:29'),
   (14, 5, '2024-05-09 11:57:42');
